PRAGMA foreign_keys=OFF;
BEGIN TRANSACTION;
CREATE TABLE item (
	id INTEGER PRIMARY KEY,
	name TEXT NOT NULL UNIQUE
) STRICT;
INSERT INTO item VALUES(1,'assembling-machine-1');
INSERT INTO item VALUES(2,'automation-science-pack');
INSERT INTO item VALUES(3,'firearm-magazine');
INSERT INTO item VALUES(4,'pistol');
INSERT INTO item VALUES(5,'piercing-rounds-magazine');
INSERT INTO item VALUES(6,'submachine-gun');
INSERT INTO item VALUES(7,'uranium-rounds-magazine');
INSERT INTO item VALUES(8,'beacon');
INSERT INTO item VALUES(9,'burner-inserter');
INSERT INTO item VALUES(10,'copper-cable');
INSERT INTO item VALUES(11,'electric-energy-interface');
INSERT INTO item VALUES(12,'solar-panel-equipment');
INSERT INTO item VALUES(13,'fusion-reactor-equipment');
INSERT INTO item VALUES(14,'small-electric-pole');
INSERT INTO item VALUES(15,'medium-electric-pole');
INSERT INTO item VALUES(16,'big-electric-pole');
INSERT INTO item VALUES(17,'substation');
INSERT INTO item VALUES(18,'water');
INSERT INTO item VALUES(19,'crude-oil');
INSERT INTO item VALUES(20,'steam');
INSERT INTO item VALUES(21,'heavy-oil');
INSERT INTO item VALUES(22,'light-oil');
INSERT INTO item VALUES(23,'petroleum-gas');
INSERT INTO item VALUES(24,'sulfuric-acid');
INSERT INTO item VALUES(25,'grenade');
INSERT INTO item VALUES(26,'cluster-grenade');
INSERT INTO item VALUES(27,'burner-mining-drill');
INSERT INTO item VALUES(28,'wooden-chest');
INSERT INTO item VALUES(29,'electric-mining-drill');
INSERT INTO item VALUES(30,'iron-chest');
INSERT INTO item VALUES(31,'steel-chest');
INSERT INTO item VALUES(32,'light-armor');
INSERT INTO item VALUES(33,'small-lamp');
INSERT INTO item VALUES(34,'pipe');
INSERT INTO item VALUES(35,'pipe-to-ground');
INSERT INTO item VALUES(36,'logistic-robot');
INSERT INTO item VALUES(37,'construction-robot');
INSERT INTO item VALUES(38,'energy-shield-equipment');
INSERT INTO item VALUES(39,'energy-shield-mk2-equipment');
INSERT INTO item VALUES(40,'speed-module');
INSERT INTO item VALUES(41,'speed-module-2');
INSERT INTO item VALUES(42,'speed-module-3');
INSERT INTO item VALUES(43,'stone-brick');
INSERT INTO item VALUES(44,'stone-furnace');
INSERT INTO item VALUES(45,'stone-wall');
INSERT INTO item VALUES(46,'rail');
INSERT INTO item VALUES(47,'train-stop');
INSERT INTO item VALUES(48,'rail-signal');
INSERT INTO item VALUES(49,'rail-chain-signal');
INSERT INTO item VALUES(50,'locomotive');
INSERT INTO item VALUES(51,'cargo-wagon');
INSERT INTO item VALUES(52,'fluid-wagon');
INSERT INTO item VALUES(53,'artillery-wagon');
INSERT INTO item VALUES(54,'transport-belt');
INSERT INTO item VALUES(55,'fast-transport-belt');
INSERT INTO item VALUES(56,'express-transport-belt');
INSERT INTO item VALUES(57,'gate');
INSERT INTO item VALUES(58,'wood');
INSERT INTO item VALUES(59,'personal-laser-defense-equipment');
INSERT INTO item VALUES(60,'discharge-defense-equipment');
INSERT INTO item VALUES(61,'discharge-defense-remote');
INSERT INTO item VALUES(62,'assembling-machine-2');
INSERT INTO item VALUES(63,'battery-equipment');
INSERT INTO item VALUES(64,'battery-mk2-equipment');
INSERT INTO item VALUES(65,'coal');
INSERT INTO item VALUES(66,'concrete');
INSERT INTO item VALUES(67,'hazard-concrete');
INSERT INTO item VALUES(68,'refined-concrete');
INSERT INTO item VALUES(69,'refined-hazard-concrete');
INSERT INTO item VALUES(70,'crude-oil-barrel');
INSERT INTO item VALUES(71,'storage-tank');
INSERT INTO item VALUES(72,'offshore-pump');
INSERT INTO item VALUES(73,'pumpjack');
INSERT INTO item VALUES(74,'heavy-armor');
INSERT INTO item VALUES(75,'heavy-oil-barrel');
INSERT INTO item VALUES(76,'inserter');
INSERT INTO item VALUES(77,'iron-plate');
INSERT INTO item VALUES(78,'iron-stick');
INSERT INTO item VALUES(79,'light-oil-barrel');
INSERT INTO item VALUES(80,'logistic-science-pack');
INSERT INTO item VALUES(81,'lubricant-barrel');
INSERT INTO item VALUES(82,'car');
INSERT INTO item VALUES(83,'tank');
INSERT INTO item VALUES(84,'spidertron');
INSERT INTO item VALUES(85,'spidertron-remote');
INSERT INTO item VALUES(86,'petroleum-gas-barrel');
INSERT INTO item VALUES(87,'pump');
INSERT INTO item VALUES(88,'poison-capsule');
INSERT INTO item VALUES(89,'repair-pack');
INSERT INTO item VALUES(90,'shotgun-shell');
INSERT INTO item VALUES(91,'shotgun');
INSERT INTO item VALUES(92,'combat-shotgun');
INSERT INTO item VALUES(93,'piercing-shotgun-shell');
INSERT INTO item VALUES(94,'boiler');
INSERT INTO item VALUES(95,'steam-engine');
INSERT INTO item VALUES(96,'steel-furnace');
INSERT INTO item VALUES(97,'logistic-chest-active-provider');
INSERT INTO item VALUES(98,'logistic-chest-passive-provider');
INSERT INTO item VALUES(99,'logistic-chest-storage');
INSERT INTO item VALUES(100,'logistic-chest-buffer');
INSERT INTO item VALUES(101,'logistic-chest-requester');
INSERT INTO item VALUES(102,'sulfuric-acid-barrel');
INSERT INTO item VALUES(103,'gun-turret');
INSERT INTO item VALUES(104,'laser-turret');
INSERT INTO item VALUES(105,'flamethrower-turret');
INSERT INTO item VALUES(106,'artillery-turret');
INSERT INTO item VALUES(107,'artillery-targeting-remote');
INSERT INTO item VALUES(108,'underground-belt');
INSERT INTO item VALUES(109,'fast-underground-belt');
INSERT INTO item VALUES(110,'express-underground-belt');
INSERT INTO item VALUES(111,'water-barrel');
INSERT INTO item VALUES(112,'red-wire');
INSERT INTO item VALUES(113,'green-wire');
INSERT INTO item VALUES(114,'assembling-machine-3');
INSERT INTO item VALUES(115,'belt-immunity-equipment');
INSERT INTO item VALUES(116,'arithmetic-combinator');
INSERT INTO item VALUES(117,'decider-combinator');
INSERT INTO item VALUES(118,'constant-combinator');
INSERT INTO item VALUES(119,'copper-plate');
INSERT INTO item VALUES(120,'effectivity-module');
INSERT INTO item VALUES(121,'effectivity-module-2');
INSERT INTO item VALUES(122,'effectivity-module-3');
INSERT INTO item VALUES(123,'electric-furnace');
INSERT INTO item VALUES(124,'iron-gear-wheel');
INSERT INTO item VALUES(125,'landfill');
INSERT INTO item VALUES(126,'long-handed-inserter');
INSERT INTO item VALUES(127,'military-science-pack');
INSERT INTO item VALUES(128,'modular-armor');
INSERT INTO item VALUES(129,'productivity-module');
INSERT INTO item VALUES(130,'productivity-module-2');
INSERT INTO item VALUES(131,'productivity-module-3');
INSERT INTO item VALUES(132,'roboport');
INSERT INTO item VALUES(133,'slowdown-capsule');
INSERT INTO item VALUES(134,'solid-fuel');
INSERT INTO item VALUES(135,'splitter');
INSERT INTO item VALUES(136,'fast-splitter');
INSERT INTO item VALUES(137,'express-splitter');
INSERT INTO item VALUES(138,'cannon-shell');
INSERT INTO item VALUES(139,'explosive-cannon-shell');
INSERT INTO item VALUES(140,'uranium-cannon-shell');
INSERT INTO item VALUES(141,'chemical-science-pack');
INSERT INTO item VALUES(142,'cliff-explosives');
INSERT INTO item VALUES(143,'defender-capsule');
INSERT INTO item VALUES(144,'empty-barrel');
INSERT INTO item VALUES(145,'exoskeleton-equipment');
INSERT INTO item VALUES(146,'explosive-uranium-cannon-shell');
INSERT INTO item VALUES(147,'artillery-shell');
INSERT INTO item VALUES(148,'fast-inserter');
INSERT INTO item VALUES(149,'loader');
INSERT INTO item VALUES(150,'fast-loader');
INSERT INTO item VALUES(151,'express-loader');
INSERT INTO item VALUES(152,'power-switch');
INSERT INTO item VALUES(153,'programmable-speaker');
INSERT INTO item VALUES(154,'power-armor');
INSERT INTO item VALUES(155,'radar');
INSERT INTO item VALUES(156,'oil-refinery');
INSERT INTO item VALUES(157,'rocket-launcher');
INSERT INTO item VALUES(158,'rocket');
INSERT INTO item VALUES(159,'explosive-rocket');
INSERT INTO item VALUES(160,'atomic-bomb');
INSERT INTO item VALUES(161,'solar-panel');
INSERT INTO item VALUES(162,'steel-plate');
INSERT INTO item VALUES(163,'stone');
INSERT INTO item VALUES(164,'accumulator');
INSERT INTO item VALUES(165,'chemical-plant');
INSERT INTO item VALUES(166,'distractor-capsule');
INSERT INTO item VALUES(167,'electronic-circuit');
INSERT INTO item VALUES(168,'filter-inserter');
INSERT INTO item VALUES(169,'flamethrower-ammo');
INSERT INTO item VALUES(170,'flamethrower');
INSERT INTO item VALUES(171,'iron-ore');
INSERT INTO item VALUES(172,'lubricant');
INSERT INTO item VALUES(173,'power-armor-mk2');
INSERT INTO item VALUES(174,'production-science-pack');
INSERT INTO item VALUES(175,'personal-roboport-equipment');
INSERT INTO item VALUES(176,'personal-roboport-mk2-equipment');
INSERT INTO item VALUES(177,'rocket-silo');
INSERT INTO item VALUES(178,'advanced-circuit');
INSERT INTO item VALUES(179,'copper-ore');
INSERT INTO item VALUES(180,'destroyer-capsule');
INSERT INTO item VALUES(181,'land-mine');
INSERT INTO item VALUES(182,'night-vision-equipment');
INSERT INTO item VALUES(183,'nuclear-reactor');
INSERT INTO item VALUES(184,'heat-pipe');
INSERT INTO item VALUES(185,'heat-exchanger');
INSERT INTO item VALUES(186,'steam-turbine');
INSERT INTO item VALUES(187,'plastic-bar');
INSERT INTO item VALUES(188,'stack-inserter');
INSERT INTO item VALUES(189,'utility-science-pack');
INSERT INTO item VALUES(190,'centrifuge');
INSERT INTO item VALUES(191,'lab');
INSERT INTO item VALUES(192,'processing-unit');
INSERT INTO item VALUES(193,'space-science-pack');
INSERT INTO item VALUES(194,'stack-filter-inserter');
INSERT INTO item VALUES(195,'sulfur');
INSERT INTO item VALUES(196,'uranium-ore');
INSERT INTO item VALUES(197,'battery');
INSERT INTO item VALUES(198,'engine-unit');
INSERT INTO item VALUES(199,'raw-fish');
INSERT INTO item VALUES(200,'electric-engine-unit');
INSERT INTO item VALUES(201,'explosives');
INSERT INTO item VALUES(202,'flying-robot-frame');
INSERT INTO item VALUES(203,'satellite');
INSERT INTO item VALUES(204,'rocket-control-unit');
INSERT INTO item VALUES(205,'low-density-structure');
INSERT INTO item VALUES(206,'rocket-fuel');
INSERT INTO item VALUES(207,'rocket-part');
INSERT INTO item VALUES(208,'nuclear-fuel');
INSERT INTO item VALUES(209,'uranium-235');
INSERT INTO item VALUES(210,'uranium-238');
INSERT INTO item VALUES(211,'uranium-fuel-cell');
INSERT INTO item VALUES(212,'used-up-uranium-fuel-cell');
CREATE TABLE fluid (
	id INTEGER PRIMARY KEY REFERENCES item (id)
) STRICT;
INSERT INTO fluid VALUES(18);
INSERT INTO fluid VALUES(19);
INSERT INTO fluid VALUES(20);
INSERT INTO fluid VALUES(21);
INSERT INTO fluid VALUES(22);
INSERT INTO fluid VALUES(23);
INSERT INTO fluid VALUES(24);
INSERT INTO fluid VALUES(172);
CREATE TABLE fundamental (
	id INTEGER PRIMARY KEY REFERENCES item (id)
) STRICT;
INSERT INTO fundamental VALUES(18);
INSERT INTO fundamental VALUES(19);
INSERT INTO fundamental VALUES(58);
INSERT INTO fundamental VALUES(65);
INSERT INTO fundamental VALUES(163);
INSERT INTO fundamental VALUES(171);
INSERT INTO fundamental VALUES(179);
INSERT INTO fundamental VALUES(196);
CREATE TABLE recipe_category (
	id INTEGER PRIMARY KEY,
	name TEXT NOT NULL UNIQUE
) STRICT;
INSERT INTO recipe_category VALUES(1,'crafting');
INSERT INTO recipe_category VALUES(2,'smelting');
INSERT INTO recipe_category VALUES(3,'chemistry');
INSERT INTO recipe_category VALUES(4,'crafting-with-fluid');
INSERT INTO recipe_category VALUES(5,'oil-processing');
INSERT INTO recipe_category VALUES(6,'rocket-building');
INSERT INTO recipe_category VALUES(7,'centrifuging');
INSERT INTO recipe_category VALUES(8,'mining');
INSERT INTO recipe_category VALUES(9,'water-extraction');
INSERT INTO recipe_category VALUES(10,'oil-extraction');
INSERT INTO recipe_category VALUES(11,'manual');
CREATE TABLE recipe (
	id INTEGER PRIMARY KEY,
	name TEXT NOT NULL UNIQUE,
	crafting_time REAL NOT NULL CHECK(crafting_time > 0.001),
	recipe_category_id INTEGER NOT NULL REFERENCES recipe_category (id)
) STRICT;
INSERT INTO recipe VALUES(1,'speed-module',15.0,1);
INSERT INTO recipe VALUES(2,'speed-module-2',30.0,1);
INSERT INTO recipe VALUES(3,'speed-module-3',60.0,1);
INSERT INTO recipe VALUES(4,'productivity-module',15.0,1);
INSERT INTO recipe VALUES(5,'productivity-module-2',30.0,1);
INSERT INTO recipe VALUES(6,'productivity-module-3',60.0,1);
INSERT INTO recipe VALUES(7,'effectivity-module',15.0,1);
INSERT INTO recipe VALUES(8,'effectivity-module-2',30.0,1);
INSERT INTO recipe VALUES(9,'effectivity-module-3',60.0,1);
INSERT INTO recipe VALUES(10,'stack-inserter',0.5,1);
INSERT INTO recipe VALUES(11,'stack-filter-inserter',0.5,1);
INSERT INTO recipe VALUES(12,'basic-oil-processing',5.0,5);
INSERT INTO recipe VALUES(13,'advanced-oil-processing',5.0,5);
INSERT INTO recipe VALUES(14,'coal-liquefaction',5.0,5);
INSERT INTO recipe VALUES(15,'heavy-oil-cracking',2.0,3);
INSERT INTO recipe VALUES(16,'light-oil-cracking',2.0,3);
INSERT INTO recipe VALUES(17,'sulfuric-acid',1.0,3);
INSERT INTO recipe VALUES(18,'plastic-bar',1.0,3);
INSERT INTO recipe VALUES(19,'solid-fuel-from-light-oil',2.0,3);
INSERT INTO recipe VALUES(20,'solid-fuel-from-petroleum-gas',2.0,3);
INSERT INTO recipe VALUES(21,'solid-fuel-from-heavy-oil',2.0,3);
INSERT INTO recipe VALUES(22,'sulfur',1.0,3);
INSERT INTO recipe VALUES(23,'lubricant',1.0,3);
INSERT INTO recipe VALUES(24,'empty-barrel',1.0,1);
INSERT INTO recipe VALUES(25,'night-vision-equipment',10.0,1);
INSERT INTO recipe VALUES(26,'belt-immunity-equipment',10.0,1);
INSERT INTO recipe VALUES(27,'energy-shield-equipment',10.0,1);
INSERT INTO recipe VALUES(28,'energy-shield-mk2-equipment',10.0,1);
INSERT INTO recipe VALUES(29,'battery-equipment',10.0,1);
INSERT INTO recipe VALUES(30,'battery-mk2-equipment',10.0,1);
INSERT INTO recipe VALUES(31,'solar-panel-equipment',10.0,1);
INSERT INTO recipe VALUES(32,'fusion-reactor-equipment',10.0,1);
INSERT INTO recipe VALUES(33,'personal-laser-defense-equipment',10.0,1);
INSERT INTO recipe VALUES(34,'discharge-defense-equipment',10.0,1);
INSERT INTO recipe VALUES(35,'discharge-defense-remote',0.5,1);
INSERT INTO recipe VALUES(36,'exoskeleton-equipment',10.0,1);
INSERT INTO recipe VALUES(37,'personal-roboport-equipment',10.0,1);
INSERT INTO recipe VALUES(38,'personal-roboport-mk2-equipment',20.0,1);
INSERT INTO recipe VALUES(39,'laser-turret',20.0,1);
INSERT INTO recipe VALUES(40,'flamethrower-turret',20.0,1);
INSERT INTO recipe VALUES(41,'artillery-turret',40.0,1);
INSERT INTO recipe VALUES(42,'artillery-targeting-remote',0.5,1);
INSERT INTO recipe VALUES(43,'gun-turret',8.0,1);
INSERT INTO recipe VALUES(44,'wooden-chest',0.5,1);
INSERT INTO recipe VALUES(45,'iron-stick',0.5,1);
INSERT INTO recipe VALUES(46,'stone-furnace',0.5,1);
INSERT INTO recipe VALUES(47,'boiler',0.5,1);
INSERT INTO recipe VALUES(48,'steam-engine',0.5,1);
INSERT INTO recipe VALUES(49,'iron-gear-wheel',0.5,1);
INSERT INTO recipe VALUES(50,'electronic-circuit',0.5,1);
INSERT INTO recipe VALUES(51,'transport-belt',0.5,1);
INSERT INTO recipe VALUES(52,'electric-mining-drill',0.5,1);
INSERT INTO recipe VALUES(53,'burner-mining-drill',0.5,1);
INSERT INTO recipe VALUES(54,'inserter',0.5,1);
INSERT INTO recipe VALUES(55,'fast-inserter',0.5,1);
INSERT INTO recipe VALUES(56,'filter-inserter',0.5,1);
INSERT INTO recipe VALUES(57,'long-handed-inserter',0.5,1);
INSERT INTO recipe VALUES(58,'burner-inserter',0.5,1);
INSERT INTO recipe VALUES(59,'pipe',0.5,1);
INSERT INTO recipe VALUES(60,'offshore-pump',0.5,1);
INSERT INTO recipe VALUES(61,'copper-cable',0.5,1);
INSERT INTO recipe VALUES(62,'small-electric-pole',0.5,1);
INSERT INTO recipe VALUES(63,'pistol',5.0,1);
INSERT INTO recipe VALUES(64,'submachine-gun',0.5,1);
INSERT INTO recipe VALUES(65,'firearm-magazine',1.0,1);
INSERT INTO recipe VALUES(66,'light-armor',3.0,1);
INSERT INTO recipe VALUES(67,'radar',0.5,1);
INSERT INTO recipe VALUES(68,'small-lamp',0.5,1);
INSERT INTO recipe VALUES(69,'pipe-to-ground',0.5,1);
INSERT INTO recipe VALUES(70,'assembling-machine-1',0.5,1);
INSERT INTO recipe VALUES(71,'repair-pack',0.5,1);
INSERT INTO recipe VALUES(72,'automation-science-pack',5.0,1);
INSERT INTO recipe VALUES(73,'logistic-science-pack',6.0,1);
INSERT INTO recipe VALUES(74,'lab',2.0,1);
INSERT INTO recipe VALUES(75,'stone-wall',0.5,1);
INSERT INTO recipe VALUES(76,'assembling-machine-2',0.5,1);
INSERT INTO recipe VALUES(77,'splitter',1.0,1);
INSERT INTO recipe VALUES(78,'underground-belt',1.0,1);
INSERT INTO recipe VALUES(79,'loader',1.0,1);
INSERT INTO recipe VALUES(80,'car',2.0,1);
INSERT INTO recipe VALUES(81,'engine-unit',10.0,1);
INSERT INTO recipe VALUES(82,'iron-chest',0.5,1);
INSERT INTO recipe VALUES(83,'big-electric-pole',0.5,1);
INSERT INTO recipe VALUES(84,'medium-electric-pole',0.5,1);
INSERT INTO recipe VALUES(85,'shotgun',10.0,1);
INSERT INTO recipe VALUES(86,'shotgun-shell',3.0,1);
INSERT INTO recipe VALUES(87,'piercing-rounds-magazine',3.0,1);
INSERT INTO recipe VALUES(88,'grenade',8.0,1);
INSERT INTO recipe VALUES(89,'steel-furnace',3.0,1);
INSERT INTO recipe VALUES(90,'gate',0.5,1);
INSERT INTO recipe VALUES(91,'heavy-armor',8.0,1);
INSERT INTO recipe VALUES(92,'steel-chest',0.5,1);
INSERT INTO recipe VALUES(93,'fast-underground-belt',2.0,1);
INSERT INTO recipe VALUES(94,'fast-splitter',2.0,1);
INSERT INTO recipe VALUES(95,'concrete',10.0,4);
INSERT INTO recipe VALUES(96,'hazard-concrete',0.25,1);
INSERT INTO recipe VALUES(97,'refined-concrete',15.0,4);
INSERT INTO recipe VALUES(98,'refined-hazard-concrete',0.25,1);
INSERT INTO recipe VALUES(99,'landfill',0.5,1);
INSERT INTO recipe VALUES(100,'fast-transport-belt',0.5,1);
INSERT INTO recipe VALUES(101,'solar-panel',10.0,1);
INSERT INTO recipe VALUES(102,'rail',0.5,1);
INSERT INTO recipe VALUES(103,'locomotive',4.0,1);
INSERT INTO recipe VALUES(104,'cargo-wagon',1.0,1);
INSERT INTO recipe VALUES(105,'rail-signal',0.5,1);
INSERT INTO recipe VALUES(106,'rail-chain-signal',0.5,1);
INSERT INTO recipe VALUES(107,'train-stop',0.5,1);
INSERT INTO recipe VALUES(108,'copper-plate',3.2000000000000001776,2);
INSERT INTO recipe VALUES(109,'iron-plate',3.2000000000000001776,2);
INSERT INTO recipe VALUES(110,'stone-brick',3.2000000000000001776,2);
INSERT INTO recipe VALUES(111,'steel-plate',0.5,2);
INSERT INTO recipe VALUES(112,'arithmetic-combinator',0.5,1);
INSERT INTO recipe VALUES(113,'decider-combinator',0.5,1);
INSERT INTO recipe VALUES(114,'constant-combinator',0.5,1);
INSERT INTO recipe VALUES(115,'power-switch',2.0,1);
INSERT INTO recipe VALUES(116,'programmable-speaker',2.0,1);
INSERT INTO recipe VALUES(117,'red-wire',0.5,1);
INSERT INTO recipe VALUES(118,'green-wire',0.5,1);
INSERT INTO recipe VALUES(119,'poison-capsule',8.0,1);
INSERT INTO recipe VALUES(120,'slowdown-capsule',8.0,1);
INSERT INTO recipe VALUES(121,'cluster-grenade',8.0,1);
INSERT INTO recipe VALUES(122,'defender-capsule',8.0,1);
INSERT INTO recipe VALUES(123,'distractor-capsule',15.0,1);
INSERT INTO recipe VALUES(124,'destroyer-capsule',15.0,1);
INSERT INTO recipe VALUES(125,'cliff-explosives',8.0,1);
INSERT INTO recipe VALUES(126,'uranium-rounds-magazine',10.0,1);
INSERT INTO recipe VALUES(127,'rocket',8.0,1);
INSERT INTO recipe VALUES(128,'explosive-rocket',8.0,1);
INSERT INTO recipe VALUES(129,'atomic-bomb',50.0,1);
INSERT INTO recipe VALUES(130,'piercing-shotgun-shell',8.0,1);
INSERT INTO recipe VALUES(131,'cannon-shell',0.5,1);
INSERT INTO recipe VALUES(132,'explosive-cannon-shell',0.5,1);
INSERT INTO recipe VALUES(133,'uranium-cannon-shell',12.0,1);
INSERT INTO recipe VALUES(134,'explosive-uranium-cannon-shell',12.0,1);
INSERT INTO recipe VALUES(135,'artillery-shell',15.0,1);
INSERT INTO recipe VALUES(136,'flamethrower-ammo',6.0,3);
INSERT INTO recipe VALUES(137,'express-transport-belt',0.5,4);
INSERT INTO recipe VALUES(138,'assembling-machine-3',0.5,1);
INSERT INTO recipe VALUES(139,'tank',0.5,1);
INSERT INTO recipe VALUES(140,'spidertron',10.0,1);
INSERT INTO recipe VALUES(141,'spidertron-remote',0.5,1);
INSERT INTO recipe VALUES(142,'fluid-wagon',1.5,1);
INSERT INTO recipe VALUES(143,'artillery-wagon',4.0,1);
INSERT INTO recipe VALUES(144,'modular-armor',15.0,1);
INSERT INTO recipe VALUES(145,'power-armor',20.0,1);
INSERT INTO recipe VALUES(146,'power-armor-mk2',25.0,1);
INSERT INTO recipe VALUES(147,'flamethrower',10.0,1);
INSERT INTO recipe VALUES(148,'land-mine',5.0,1);
INSERT INTO recipe VALUES(149,'rocket-launcher',10.0,1);
INSERT INTO recipe VALUES(150,'combat-shotgun',10.0,1);
INSERT INTO recipe VALUES(151,'chemical-science-pack',24.0,1);
INSERT INTO recipe VALUES(152,'military-science-pack',10.0,1);
INSERT INTO recipe VALUES(153,'production-science-pack',21.0,1);
INSERT INTO recipe VALUES(154,'utility-science-pack',21.0,1);
INSERT INTO recipe VALUES(155,'express-underground-belt',2.0,4);
INSERT INTO recipe VALUES(156,'fast-loader',3.0,1);
INSERT INTO recipe VALUES(157,'express-loader',10.0,1);
INSERT INTO recipe VALUES(158,'express-splitter',2.0,4);
INSERT INTO recipe VALUES(159,'advanced-circuit',0.5,1);
INSERT INTO recipe VALUES(160,'processing-unit',0.5,4);
INSERT INTO recipe VALUES(161,'logistic-robot',0.5,1);
INSERT INTO recipe VALUES(162,'construction-robot',0.5,1);
INSERT INTO recipe VALUES(163,'logistic-chest-passive-provider',0.5,1);
INSERT INTO recipe VALUES(164,'logistic-chest-active-provider',0.5,1);
INSERT INTO recipe VALUES(165,'logistic-chest-storage',0.5,1);
INSERT INTO recipe VALUES(166,'logistic-chest-buffer',0.5,1);
INSERT INTO recipe VALUES(167,'logistic-chest-requester',0.5,1);
INSERT INTO recipe VALUES(168,'rocket-silo',30.0,1);
INSERT INTO recipe VALUES(169,'roboport',5.0,1);
INSERT INTO recipe VALUES(170,'substation',0.5,1);
INSERT INTO recipe VALUES(171,'accumulator',10.0,1);
INSERT INTO recipe VALUES(172,'electric-furnace',5.0,1);
INSERT INTO recipe VALUES(173,'beacon',15.0,1);
INSERT INTO recipe VALUES(174,'pumpjack',5.0,1);
INSERT INTO recipe VALUES(175,'oil-refinery',8.0,1);
INSERT INTO recipe VALUES(176,'electric-engine-unit',10.0,4);
INSERT INTO recipe VALUES(177,'flying-robot-frame',20.0,1);
INSERT INTO recipe VALUES(178,'explosives',0.5,3);
INSERT INTO recipe VALUES(179,'battery',0.5,3);
INSERT INTO recipe VALUES(180,'storage-tank',3.0,1);
INSERT INTO recipe VALUES(181,'pump',2.0,1);
INSERT INTO recipe VALUES(182,'chemical-plant',5.0,1);
INSERT INTO recipe VALUES(183,'low-density-structure',0.5,1);
INSERT INTO recipe VALUES(184,'rocket-fuel',30.0,4);
INSERT INTO recipe VALUES(185,'rocket-control-unit',30.0,1);
INSERT INTO recipe VALUES(186,'rocket-part',3.0,6);
INSERT INTO recipe VALUES(187,'satellite',5.0,1);
INSERT INTO recipe VALUES(188,'electric-energy-interface',0.5,1);
INSERT INTO recipe VALUES(189,'nuclear-reactor',8.0,1);
INSERT INTO recipe VALUES(190,'centrifuge',4.0,1);
INSERT INTO recipe VALUES(191,'uranium-processing',12.0,7);
INSERT INTO recipe VALUES(192,'kovarex-enrichment-process',60.0,7);
INSERT INTO recipe VALUES(193,'nuclear-fuel',90.0,7);
INSERT INTO recipe VALUES(194,'nuclear-fuel-reprocessing',60.0,7);
INSERT INTO recipe VALUES(195,'uranium-fuel-cell',10.0,1);
INSERT INTO recipe VALUES(196,'heat-exchanger',3.0,1);
INSERT INTO recipe VALUES(197,'heat-pipe',1.0,1);
INSERT INTO recipe VALUES(198,'steam-turbine',3.0,1);
INSERT INTO recipe VALUES(199,'fill-water-barrel',0.2000000000000000111,4);
INSERT INTO recipe VALUES(200,'empty-water-barrel',0.2000000000000000111,4);
INSERT INTO recipe VALUES(201,'fill-sulfuric-acid-barrel',0.2000000000000000111,4);
INSERT INTO recipe VALUES(202,'empty-sulfuric-acid-barrel',0.2000000000000000111,4);
INSERT INTO recipe VALUES(203,'fill-crude-oil-barrel',0.2000000000000000111,4);
INSERT INTO recipe VALUES(204,'empty-crude-oil-barrel',0.2000000000000000111,4);
INSERT INTO recipe VALUES(205,'fill-heavy-oil-barrel',0.2000000000000000111,4);
INSERT INTO recipe VALUES(206,'empty-heavy-oil-barrel',0.2000000000000000111,4);
INSERT INTO recipe VALUES(207,'fill-light-oil-barrel',0.2000000000000000111,4);
INSERT INTO recipe VALUES(208,'empty-light-oil-barrel',0.2000000000000000111,4);
INSERT INTO recipe VALUES(209,'fill-petroleum-gas-barrel',0.2000000000000000111,4);
INSERT INTO recipe VALUES(210,'empty-petroleum-gas-barrel',0.2000000000000000111,4);
INSERT INTO recipe VALUES(211,'fill-lubricant-barrel',0.2000000000000000111,4);
INSERT INTO recipe VALUES(212,'empty-lubricant-barrel',0.2000000000000000111,4);
INSERT INTO recipe VALUES(213,'water',1.0,9);
INSERT INTO recipe VALUES(214,'crude-oil',1.0,10);
INSERT INTO recipe VALUES(215,'wood',1.0,11);
INSERT INTO recipe VALUES(216,'coal',1.0,8);
INSERT INTO recipe VALUES(217,'stone',1.0,8);
INSERT INTO recipe VALUES(218,'iron-ore',1.0,8);
INSERT INTO recipe VALUES(219,'copper-ore',1.0,8);
INSERT INTO recipe VALUES(220,'uranium-ore',1.0,8);
CREATE TABLE transput (
	id INTEGER PRIMARY KEY,
	amount INTEGER NOT NULL, -- -ve for ingredient, +ve for result
	recipe_id INTEGER NOT NULL REFERENCES recipe (id),
	item_id INTEGER NOT NULL REFERENCES item (id)
) STRICT;
INSERT INTO transput VALUES(1,1,1,40);
INSERT INTO transput VALUES(2,-5,1,178);
INSERT INTO transput VALUES(3,-5,1,167);
INSERT INTO transput VALUES(4,1,2,41);
INSERT INTO transput VALUES(5,-4,2,40);
INSERT INTO transput VALUES(6,-5,2,178);
INSERT INTO transput VALUES(7,-5,2,192);
INSERT INTO transput VALUES(8,1,3,42);
INSERT INTO transput VALUES(9,-5,3,41);
INSERT INTO transput VALUES(10,-5,3,178);
INSERT INTO transput VALUES(11,-5,3,192);
INSERT INTO transput VALUES(12,1,4,129);
INSERT INTO transput VALUES(13,-5,4,178);
INSERT INTO transput VALUES(14,-5,4,167);
INSERT INTO transput VALUES(15,1,5,130);
INSERT INTO transput VALUES(16,-4,5,129);
INSERT INTO transput VALUES(17,-5,5,178);
INSERT INTO transput VALUES(18,-5,5,192);
INSERT INTO transput VALUES(19,1,6,131);
INSERT INTO transput VALUES(20,-5,6,130);
INSERT INTO transput VALUES(21,-5,6,178);
INSERT INTO transput VALUES(22,-5,6,192);
INSERT INTO transput VALUES(23,1,7,120);
INSERT INTO transput VALUES(24,-5,7,178);
INSERT INTO transput VALUES(25,-5,7,167);
INSERT INTO transput VALUES(26,1,8,121);
INSERT INTO transput VALUES(27,-4,8,120);
INSERT INTO transput VALUES(28,-5,8,178);
INSERT INTO transput VALUES(29,-5,8,192);
INSERT INTO transput VALUES(30,1,9,122);
INSERT INTO transput VALUES(31,-5,9,121);
INSERT INTO transput VALUES(32,-5,9,178);
INSERT INTO transput VALUES(33,-5,9,192);
INSERT INTO transput VALUES(34,1,10,188);
INSERT INTO transput VALUES(35,-15,10,124);
INSERT INTO transput VALUES(36,-15,10,167);
INSERT INTO transput VALUES(37,-1,10,178);
INSERT INTO transput VALUES(38,-1,10,148);
INSERT INTO transput VALUES(39,1,11,194);
INSERT INTO transput VALUES(40,-1,11,188);
INSERT INTO transput VALUES(41,-5,11,167);
INSERT INTO transput VALUES(42,-100,12,19);
INSERT INTO transput VALUES(43,45,12,23);
INSERT INTO transput VALUES(44,-50,13,18);
INSERT INTO transput VALUES(45,-100,13,19);
INSERT INTO transput VALUES(46,25,13,21);
INSERT INTO transput VALUES(47,45,13,22);
INSERT INTO transput VALUES(48,55,13,23);
INSERT INTO transput VALUES(49,-10,14,65);
INSERT INTO transput VALUES(50,-25,14,21);
INSERT INTO transput VALUES(51,-50,14,20);
INSERT INTO transput VALUES(52,90,14,21);
INSERT INTO transput VALUES(53,20,14,22);
INSERT INTO transput VALUES(54,10,14,23);
INSERT INTO transput VALUES(55,-30,15,18);
INSERT INTO transput VALUES(56,-40,15,21);
INSERT INTO transput VALUES(57,30,15,22);
INSERT INTO transput VALUES(58,-30,16,18);
INSERT INTO transput VALUES(59,-30,16,22);
INSERT INTO transput VALUES(60,20,16,23);
INSERT INTO transput VALUES(61,-5,17,195);
INSERT INTO transput VALUES(62,-1,17,77);
INSERT INTO transput VALUES(63,-100,17,18);
INSERT INTO transput VALUES(64,50,17,24);
INSERT INTO transput VALUES(65,-20,18,23);
INSERT INTO transput VALUES(66,-1,18,65);
INSERT INTO transput VALUES(67,2,18,187);
INSERT INTO transput VALUES(68,-10,19,22);
INSERT INTO transput VALUES(69,1,19,134);
INSERT INTO transput VALUES(70,-20,20,23);
INSERT INTO transput VALUES(71,1,20,134);
INSERT INTO transput VALUES(72,-20,21,21);
INSERT INTO transput VALUES(73,1,21,134);
INSERT INTO transput VALUES(74,-30,22,18);
INSERT INTO transput VALUES(75,-30,22,23);
INSERT INTO transput VALUES(76,2,22,195);
INSERT INTO transput VALUES(77,-10,23,21);
INSERT INTO transput VALUES(78,10,23,172);
INSERT INTO transput VALUES(79,-1,24,162);
INSERT INTO transput VALUES(80,1,24,144);
INSERT INTO transput VALUES(81,1,25,182);
INSERT INTO transput VALUES(82,-5,25,178);
INSERT INTO transput VALUES(83,-10,25,162);
INSERT INTO transput VALUES(84,1,26,115);
INSERT INTO transput VALUES(85,-5,26,178);
INSERT INTO transput VALUES(86,-10,26,162);
INSERT INTO transput VALUES(87,1,27,38);
INSERT INTO transput VALUES(88,-5,27,178);
INSERT INTO transput VALUES(89,-10,27,162);
INSERT INTO transput VALUES(90,1,28,39);
INSERT INTO transput VALUES(91,-10,28,38);
INSERT INTO transput VALUES(92,-5,28,192);
INSERT INTO transput VALUES(93,-5,28,205);
INSERT INTO transput VALUES(94,1,29,63);
INSERT INTO transput VALUES(95,-5,29,197);
INSERT INTO transput VALUES(96,-10,29,162);
INSERT INTO transput VALUES(97,1,30,64);
INSERT INTO transput VALUES(98,-10,30,63);
INSERT INTO transput VALUES(99,-15,30,192);
INSERT INTO transput VALUES(100,-5,30,205);
INSERT INTO transput VALUES(101,1,31,12);
INSERT INTO transput VALUES(102,-1,31,161);
INSERT INTO transput VALUES(103,-2,31,178);
INSERT INTO transput VALUES(104,-5,31,162);
INSERT INTO transput VALUES(105,1,32,13);
INSERT INTO transput VALUES(106,-200,32,192);
INSERT INTO transput VALUES(107,-50,32,205);
INSERT INTO transput VALUES(108,1,33,59);
INSERT INTO transput VALUES(109,-20,33,192);
INSERT INTO transput VALUES(110,-5,33,205);
INSERT INTO transput VALUES(111,-5,33,104);
INSERT INTO transput VALUES(112,1,34,60);
INSERT INTO transput VALUES(113,-5,34,192);
INSERT INTO transput VALUES(114,-20,34,162);
INSERT INTO transput VALUES(115,-10,34,104);
INSERT INTO transput VALUES(116,1,35,61);
INSERT INTO transput VALUES(117,-1,35,167);
INSERT INTO transput VALUES(118,1,36,145);
INSERT INTO transput VALUES(119,-10,36,192);
INSERT INTO transput VALUES(120,-30,36,200);
INSERT INTO transput VALUES(121,-20,36,162);
INSERT INTO transput VALUES(122,1,37,175);
INSERT INTO transput VALUES(123,-10,37,178);
INSERT INTO transput VALUES(124,-40,37,124);
INSERT INTO transput VALUES(125,-20,37,162);
INSERT INTO transput VALUES(126,-45,37,197);
INSERT INTO transput VALUES(127,1,38,176);
INSERT INTO transput VALUES(128,-5,38,175);
INSERT INTO transput VALUES(129,-100,38,192);
INSERT INTO transput VALUES(130,-20,38,205);
INSERT INTO transput VALUES(131,1,39,104);
INSERT INTO transput VALUES(132,-20,39,162);
INSERT INTO transput VALUES(133,-20,39,167);
INSERT INTO transput VALUES(134,-12,39,197);
INSERT INTO transput VALUES(135,1,40,105);
INSERT INTO transput VALUES(136,-30,40,162);
INSERT INTO transput VALUES(137,-15,40,124);
INSERT INTO transput VALUES(138,-10,40,34);
INSERT INTO transput VALUES(139,-5,40,198);
INSERT INTO transput VALUES(140,1,41,106);
INSERT INTO transput VALUES(141,-60,41,162);
INSERT INTO transput VALUES(142,-60,41,66);
INSERT INTO transput VALUES(143,-40,41,124);
INSERT INTO transput VALUES(144,-20,41,178);
INSERT INTO transput VALUES(145,1,42,107);
INSERT INTO transput VALUES(146,-1,42,192);
INSERT INTO transput VALUES(147,-1,42,155);
INSERT INTO transput VALUES(148,1,43,103);
INSERT INTO transput VALUES(149,-10,43,124);
INSERT INTO transput VALUES(150,-10,43,119);
INSERT INTO transput VALUES(151,-20,43,77);
INSERT INTO transput VALUES(152,1,44,28);
INSERT INTO transput VALUES(153,-2,44,58);
INSERT INTO transput VALUES(154,2,45,78);
INSERT INTO transput VALUES(155,-1,45,77);
INSERT INTO transput VALUES(156,1,46,44);
INSERT INTO transput VALUES(157,-5,46,163);
INSERT INTO transput VALUES(158,1,47,94);
INSERT INTO transput VALUES(159,-1,47,44);
INSERT INTO transput VALUES(160,-4,47,34);
INSERT INTO transput VALUES(161,1,48,95);
INSERT INTO transput VALUES(162,-8,48,124);
INSERT INTO transput VALUES(163,-5,48,34);
INSERT INTO transput VALUES(164,-10,48,77);
INSERT INTO transput VALUES(165,1,49,124);
INSERT INTO transput VALUES(166,-2,49,77);
INSERT INTO transput VALUES(167,1,50,167);
INSERT INTO transput VALUES(168,-1,50,77);
INSERT INTO transput VALUES(169,-3,50,10);
INSERT INTO transput VALUES(170,2,51,54);
INSERT INTO transput VALUES(171,-1,51,77);
INSERT INTO transput VALUES(172,-1,51,124);
INSERT INTO transput VALUES(173,1,52,29);
INSERT INTO transput VALUES(174,-3,52,167);
INSERT INTO transput VALUES(175,-5,52,124);
INSERT INTO transput VALUES(176,-10,52,77);
INSERT INTO transput VALUES(177,1,53,27);
INSERT INTO transput VALUES(178,-3,53,124);
INSERT INTO transput VALUES(179,-1,53,44);
INSERT INTO transput VALUES(180,-3,53,77);
INSERT INTO transput VALUES(181,1,54,76);
INSERT INTO transput VALUES(182,-1,54,167);
INSERT INTO transput VALUES(183,-1,54,124);
INSERT INTO transput VALUES(184,-1,54,77);
INSERT INTO transput VALUES(185,1,55,148);
INSERT INTO transput VALUES(186,-2,55,167);
INSERT INTO transput VALUES(187,-2,55,77);
INSERT INTO transput VALUES(188,-1,55,76);
INSERT INTO transput VALUES(189,1,56,168);
INSERT INTO transput VALUES(190,-1,56,148);
INSERT INTO transput VALUES(191,-4,56,167);
INSERT INTO transput VALUES(192,1,57,126);
INSERT INTO transput VALUES(193,-1,57,124);
INSERT INTO transput VALUES(194,-1,57,77);
INSERT INTO transput VALUES(195,-1,57,76);
INSERT INTO transput VALUES(196,1,58,9);
INSERT INTO transput VALUES(197,-1,58,77);
INSERT INTO transput VALUES(198,-1,58,124);
INSERT INTO transput VALUES(199,1,59,34);
INSERT INTO transput VALUES(200,-1,59,77);
INSERT INTO transput VALUES(201,1,60,72);
INSERT INTO transput VALUES(202,-2,60,167);
INSERT INTO transput VALUES(203,-1,60,34);
INSERT INTO transput VALUES(204,-1,60,124);
INSERT INTO transput VALUES(205,2,61,10);
INSERT INTO transput VALUES(206,-1,61,119);
INSERT INTO transput VALUES(207,2,62,14);
INSERT INTO transput VALUES(208,-1,62,58);
INSERT INTO transput VALUES(209,-2,62,10);
INSERT INTO transput VALUES(210,1,63,4);
INSERT INTO transput VALUES(211,-5,63,119);
INSERT INTO transput VALUES(212,-5,63,77);
INSERT INTO transput VALUES(213,1,64,6);
INSERT INTO transput VALUES(214,-10,64,124);
INSERT INTO transput VALUES(215,-5,64,119);
INSERT INTO transput VALUES(216,-10,64,77);
INSERT INTO transput VALUES(217,1,65,3);
INSERT INTO transput VALUES(218,-4,65,77);
INSERT INTO transput VALUES(219,1,66,32);
INSERT INTO transput VALUES(220,-40,66,77);
INSERT INTO transput VALUES(221,1,67,155);
INSERT INTO transput VALUES(222,-5,67,167);
INSERT INTO transput VALUES(223,-5,67,124);
INSERT INTO transput VALUES(224,-10,67,77);
INSERT INTO transput VALUES(225,1,68,33);
INSERT INTO transput VALUES(226,-1,68,167);
INSERT INTO transput VALUES(227,-3,68,10);
INSERT INTO transput VALUES(228,-1,68,77);
INSERT INTO transput VALUES(229,2,69,35);
INSERT INTO transput VALUES(230,-10,69,34);
INSERT INTO transput VALUES(231,-5,69,77);
INSERT INTO transput VALUES(232,1,70,1);
INSERT INTO transput VALUES(233,-3,70,167);
INSERT INTO transput VALUES(234,-5,70,124);
INSERT INTO transput VALUES(235,-9,70,77);
INSERT INTO transput VALUES(236,1,71,89);
INSERT INTO transput VALUES(237,-2,71,167);
INSERT INTO transput VALUES(238,-2,71,124);
INSERT INTO transput VALUES(239,1,72,2);
INSERT INTO transput VALUES(240,-1,72,119);
INSERT INTO transput VALUES(241,-1,72,124);
INSERT INTO transput VALUES(242,1,73,80);
INSERT INTO transput VALUES(243,-1,73,76);
INSERT INTO transput VALUES(244,-1,73,54);
INSERT INTO transput VALUES(245,1,74,191);
INSERT INTO transput VALUES(246,-10,74,167);
INSERT INTO transput VALUES(247,-10,74,124);
INSERT INTO transput VALUES(248,-4,74,54);
INSERT INTO transput VALUES(249,1,75,45);
INSERT INTO transput VALUES(250,-5,75,43);
INSERT INTO transput VALUES(251,1,76,62);
INSERT INTO transput VALUES(252,-2,76,162);
INSERT INTO transput VALUES(253,-3,76,167);
INSERT INTO transput VALUES(254,-5,76,124);
INSERT INTO transput VALUES(255,-1,76,1);
INSERT INTO transput VALUES(256,1,77,135);
INSERT INTO transput VALUES(257,-5,77,167);
INSERT INTO transput VALUES(258,-5,77,77);
INSERT INTO transput VALUES(259,-4,77,54);
INSERT INTO transput VALUES(260,2,78,108);
INSERT INTO transput VALUES(261,-10,78,77);
INSERT INTO transput VALUES(262,-5,78,54);
INSERT INTO transput VALUES(263,1,79,149);
INSERT INTO transput VALUES(264,-5,79,76);
INSERT INTO transput VALUES(265,-5,79,167);
INSERT INTO transput VALUES(266,-5,79,124);
INSERT INTO transput VALUES(267,-5,79,77);
INSERT INTO transput VALUES(268,-5,79,54);
INSERT INTO transput VALUES(269,1,80,82);
INSERT INTO transput VALUES(270,-8,80,198);
INSERT INTO transput VALUES(271,-20,80,77);
INSERT INTO transput VALUES(272,-5,80,162);
INSERT INTO transput VALUES(273,1,81,198);
INSERT INTO transput VALUES(274,-1,81,162);
INSERT INTO transput VALUES(275,-1,81,124);
INSERT INTO transput VALUES(276,-2,81,34);
INSERT INTO transput VALUES(277,1,82,30);
INSERT INTO transput VALUES(278,-8,82,77);
INSERT INTO transput VALUES(279,1,83,16);
INSERT INTO transput VALUES(280,-8,83,78);
INSERT INTO transput VALUES(281,-5,83,162);
INSERT INTO transput VALUES(282,-5,83,119);
INSERT INTO transput VALUES(283,1,84,15);
INSERT INTO transput VALUES(284,-4,84,78);
INSERT INTO transput VALUES(285,-2,84,162);
INSERT INTO transput VALUES(286,-2,84,119);
INSERT INTO transput VALUES(287,1,85,91);
INSERT INTO transput VALUES(288,-15,85,77);
INSERT INTO transput VALUES(289,-5,85,124);
INSERT INTO transput VALUES(290,-10,85,119);
INSERT INTO transput VALUES(291,-5,85,58);
INSERT INTO transput VALUES(292,1,86,90);
INSERT INTO transput VALUES(293,-2,86,119);
INSERT INTO transput VALUES(294,-2,86,77);
INSERT INTO transput VALUES(295,1,87,5);
INSERT INTO transput VALUES(296,-1,87,3);
INSERT INTO transput VALUES(297,-1,87,162);
INSERT INTO transput VALUES(298,-5,87,119);
INSERT INTO transput VALUES(299,1,88,25);
INSERT INTO transput VALUES(300,-5,88,77);
INSERT INTO transput VALUES(301,-10,88,65);
INSERT INTO transput VALUES(302,1,89,96);
INSERT INTO transput VALUES(303,-6,89,162);
INSERT INTO transput VALUES(304,-10,89,43);
INSERT INTO transput VALUES(305,1,90,57);
INSERT INTO transput VALUES(306,-1,90,45);
INSERT INTO transput VALUES(307,-2,90,162);
INSERT INTO transput VALUES(308,-2,90,167);
INSERT INTO transput VALUES(309,1,91,74);
INSERT INTO transput VALUES(310,-100,91,119);
INSERT INTO transput VALUES(311,-50,91,162);
INSERT INTO transput VALUES(312,1,92,31);
INSERT INTO transput VALUES(313,-8,92,162);
INSERT INTO transput VALUES(314,2,93,109);
INSERT INTO transput VALUES(315,-40,93,124);
INSERT INTO transput VALUES(316,-2,93,108);
INSERT INTO transput VALUES(317,1,94,136);
INSERT INTO transput VALUES(318,-1,94,135);
INSERT INTO transput VALUES(319,-10,94,124);
INSERT INTO transput VALUES(320,-10,94,167);
INSERT INTO transput VALUES(321,10,95,66);
INSERT INTO transput VALUES(322,-5,95,43);
INSERT INTO transput VALUES(323,-1,95,171);
INSERT INTO transput VALUES(324,-100,95,18);
INSERT INTO transput VALUES(325,10,96,67);
INSERT INTO transput VALUES(326,-10,96,66);
INSERT INTO transput VALUES(327,10,97,68);
INSERT INTO transput VALUES(328,-20,97,66);
INSERT INTO transput VALUES(329,-8,97,78);
INSERT INTO transput VALUES(330,-1,97,162);
INSERT INTO transput VALUES(331,-100,97,18);
INSERT INTO transput VALUES(332,10,98,69);
INSERT INTO transput VALUES(333,-10,98,68);
INSERT INTO transput VALUES(334,1,99,125);
INSERT INTO transput VALUES(335,-20,99,163);
INSERT INTO transput VALUES(336,1,100,55);
INSERT INTO transput VALUES(337,-5,100,124);
INSERT INTO transput VALUES(338,-1,100,54);
INSERT INTO transput VALUES(339,1,101,161);
INSERT INTO transput VALUES(340,-5,101,162);
INSERT INTO transput VALUES(341,-15,101,167);
INSERT INTO transput VALUES(342,-5,101,119);
INSERT INTO transput VALUES(343,2,102,46);
INSERT INTO transput VALUES(344,-1,102,163);
INSERT INTO transput VALUES(345,-1,102,78);
INSERT INTO transput VALUES(346,-1,102,162);
INSERT INTO transput VALUES(347,1,103,50);
INSERT INTO transput VALUES(348,-20,103,198);
INSERT INTO transput VALUES(349,-10,103,167);
INSERT INTO transput VALUES(350,-30,103,162);
INSERT INTO transput VALUES(351,1,104,51);
INSERT INTO transput VALUES(352,-10,104,124);
INSERT INTO transput VALUES(353,-20,104,77);
INSERT INTO transput VALUES(354,-20,104,162);
INSERT INTO transput VALUES(355,1,105,48);
INSERT INTO transput VALUES(356,-1,105,167);
INSERT INTO transput VALUES(357,-5,105,77);
INSERT INTO transput VALUES(358,1,106,49);
INSERT INTO transput VALUES(359,-1,106,167);
INSERT INTO transput VALUES(360,-5,106,77);
INSERT INTO transput VALUES(361,1,107,47);
INSERT INTO transput VALUES(362,-5,107,167);
INSERT INTO transput VALUES(363,-6,107,77);
INSERT INTO transput VALUES(364,-6,107,78);
INSERT INTO transput VALUES(365,-3,107,162);
INSERT INTO transput VALUES(366,1,108,119);
INSERT INTO transput VALUES(367,-1,108,179);
INSERT INTO transput VALUES(368,1,109,77);
INSERT INTO transput VALUES(369,-1,109,171);
INSERT INTO transput VALUES(370,1,110,43);
INSERT INTO transput VALUES(371,-2,110,163);
INSERT INTO transput VALUES(372,1,111,162);
INSERT INTO transput VALUES(373,-5,111,77);
INSERT INTO transput VALUES(374,1,112,116);
INSERT INTO transput VALUES(375,-5,112,10);
INSERT INTO transput VALUES(376,-5,112,167);
INSERT INTO transput VALUES(377,1,113,117);
INSERT INTO transput VALUES(378,-5,113,10);
INSERT INTO transput VALUES(379,-5,113,167);
INSERT INTO transput VALUES(380,1,114,118);
INSERT INTO transput VALUES(381,-5,114,10);
INSERT INTO transput VALUES(382,-2,114,167);
INSERT INTO transput VALUES(383,1,115,152);
INSERT INTO transput VALUES(384,-5,115,77);
INSERT INTO transput VALUES(385,-5,115,10);
INSERT INTO transput VALUES(386,-2,115,167);
INSERT INTO transput VALUES(387,1,116,153);
INSERT INTO transput VALUES(388,-3,116,77);
INSERT INTO transput VALUES(389,-4,116,78);
INSERT INTO transput VALUES(390,-5,116,10);
INSERT INTO transput VALUES(391,-4,116,167);
INSERT INTO transput VALUES(392,1,117,112);
INSERT INTO transput VALUES(393,-1,117,167);
INSERT INTO transput VALUES(394,-1,117,10);
INSERT INTO transput VALUES(395,1,118,113);
INSERT INTO transput VALUES(396,-1,118,167);
INSERT INTO transput VALUES(397,-1,118,10);
INSERT INTO transput VALUES(398,1,119,88);
INSERT INTO transput VALUES(399,-3,119,162);
INSERT INTO transput VALUES(400,-3,119,167);
INSERT INTO transput VALUES(401,-10,119,65);
INSERT INTO transput VALUES(402,1,120,133);
INSERT INTO transput VALUES(403,-2,120,162);
INSERT INTO transput VALUES(404,-2,120,167);
INSERT INTO transput VALUES(405,-5,120,65);
INSERT INTO transput VALUES(406,1,121,26);
INSERT INTO transput VALUES(407,-7,121,25);
INSERT INTO transput VALUES(408,-5,121,201);
INSERT INTO transput VALUES(409,-5,121,162);
INSERT INTO transput VALUES(410,1,122,143);
INSERT INTO transput VALUES(411,-3,122,5);
INSERT INTO transput VALUES(412,-3,122,167);
INSERT INTO transput VALUES(413,-3,122,124);
INSERT INTO transput VALUES(414,1,123,166);
INSERT INTO transput VALUES(415,-4,123,143);
INSERT INTO transput VALUES(416,-3,123,178);
INSERT INTO transput VALUES(417,1,124,180);
INSERT INTO transput VALUES(418,-4,124,166);
INSERT INTO transput VALUES(419,-1,124,40);
INSERT INTO transput VALUES(420,1,125,142);
INSERT INTO transput VALUES(421,-10,125,201);
INSERT INTO transput VALUES(422,-1,125,25);
INSERT INTO transput VALUES(423,-1,125,144);
INSERT INTO transput VALUES(424,1,126,7);
INSERT INTO transput VALUES(425,-1,126,5);
INSERT INTO transput VALUES(426,-1,126,210);
INSERT INTO transput VALUES(427,1,127,158);
INSERT INTO transput VALUES(428,-1,127,167);
INSERT INTO transput VALUES(429,-1,127,201);
INSERT INTO transput VALUES(430,-2,127,77);
INSERT INTO transput VALUES(431,1,128,159);
INSERT INTO transput VALUES(432,-1,128,158);
INSERT INTO transput VALUES(433,-2,128,201);
INSERT INTO transput VALUES(434,1,129,160);
INSERT INTO transput VALUES(435,-10,129,204);
INSERT INTO transput VALUES(436,-10,129,201);
INSERT INTO transput VALUES(437,-30,129,209);
INSERT INTO transput VALUES(438,1,130,93);
INSERT INTO transput VALUES(439,-2,130,90);
INSERT INTO transput VALUES(440,-5,130,119);
INSERT INTO transput VALUES(441,-2,130,162);
INSERT INTO transput VALUES(442,1,131,138);
INSERT INTO transput VALUES(443,-2,131,162);
INSERT INTO transput VALUES(444,-2,131,187);
INSERT INTO transput VALUES(445,-1,131,201);
INSERT INTO transput VALUES(446,1,132,139);
INSERT INTO transput VALUES(447,-2,132,162);
INSERT INTO transput VALUES(448,-2,132,187);
INSERT INTO transput VALUES(449,-2,132,201);
INSERT INTO transput VALUES(450,1,133,140);
INSERT INTO transput VALUES(451,-1,133,138);
INSERT INTO transput VALUES(452,-1,133,210);
INSERT INTO transput VALUES(453,1,134,146);
INSERT INTO transput VALUES(454,-1,134,139);
INSERT INTO transput VALUES(455,-1,134,210);
INSERT INTO transput VALUES(456,1,135,147);
INSERT INTO transput VALUES(457,-4,135,139);
INSERT INTO transput VALUES(458,-1,135,155);
INSERT INTO transput VALUES(459,-8,135,201);
INSERT INTO transput VALUES(460,1,136,169);
INSERT INTO transput VALUES(461,-5,136,162);
INSERT INTO transput VALUES(462,-100,136,19);
INSERT INTO transput VALUES(463,1,137,56);
INSERT INTO transput VALUES(464,-10,137,124);
INSERT INTO transput VALUES(465,-1,137,55);
INSERT INTO transput VALUES(466,-20,137,172);
INSERT INTO transput VALUES(467,1,138,114);
INSERT INTO transput VALUES(468,-4,138,40);
INSERT INTO transput VALUES(469,-2,138,62);
INSERT INTO transput VALUES(470,1,139,83);
INSERT INTO transput VALUES(471,-32,139,198);
INSERT INTO transput VALUES(472,-50,139,162);
INSERT INTO transput VALUES(473,-15,139,124);
INSERT INTO transput VALUES(474,-10,139,178);
INSERT INTO transput VALUES(475,1,140,84);
INSERT INTO transput VALUES(476,-4,140,145);
INSERT INTO transput VALUES(477,-2,140,13);
INSERT INTO transput VALUES(478,-4,140,157);
INSERT INTO transput VALUES(479,-16,140,204);
INSERT INTO transput VALUES(480,-150,140,205);
INSERT INTO transput VALUES(481,-2,140,155);
INSERT INTO transput VALUES(482,-2,140,122);
INSERT INTO transput VALUES(483,-1,140,199);
INSERT INTO transput VALUES(484,1,141,85);
INSERT INTO transput VALUES(485,-1,141,204);
INSERT INTO transput VALUES(486,-1,141,155);
INSERT INTO transput VALUES(487,1,142,52);
INSERT INTO transput VALUES(488,-10,142,124);
INSERT INTO transput VALUES(489,-16,142,162);
INSERT INTO transput VALUES(490,-8,142,34);
INSERT INTO transput VALUES(491,-1,142,71);
INSERT INTO transput VALUES(492,1,143,53);
INSERT INTO transput VALUES(493,-64,143,198);
INSERT INTO transput VALUES(494,-10,143,124);
INSERT INTO transput VALUES(495,-40,143,162);
INSERT INTO transput VALUES(496,-16,143,34);
INSERT INTO transput VALUES(497,-20,143,178);
INSERT INTO transput VALUES(498,1,144,128);
INSERT INTO transput VALUES(499,-30,144,178);
INSERT INTO transput VALUES(500,-50,144,162);
INSERT INTO transput VALUES(501,1,145,154);
INSERT INTO transput VALUES(502,-40,145,192);
INSERT INTO transput VALUES(503,-20,145,200);
INSERT INTO transput VALUES(504,-40,145,162);
INSERT INTO transput VALUES(505,1,146,173);
INSERT INTO transput VALUES(506,-25,146,121);
INSERT INTO transput VALUES(507,-25,146,41);
INSERT INTO transput VALUES(508,-60,146,192);
INSERT INTO transput VALUES(509,-40,146,200);
INSERT INTO transput VALUES(510,-30,146,205);
INSERT INTO transput VALUES(511,1,147,170);
INSERT INTO transput VALUES(512,-5,147,162);
INSERT INTO transput VALUES(513,-10,147,124);
INSERT INTO transput VALUES(514,4,148,181);
INSERT INTO transput VALUES(515,-1,148,162);
INSERT INTO transput VALUES(516,-2,148,201);
INSERT INTO transput VALUES(517,1,149,157);
INSERT INTO transput VALUES(518,-5,149,77);
INSERT INTO transput VALUES(519,-5,149,124);
INSERT INTO transput VALUES(520,-5,149,167);
INSERT INTO transput VALUES(521,1,150,92);
INSERT INTO transput VALUES(522,-15,150,162);
INSERT INTO transput VALUES(523,-5,150,124);
INSERT INTO transput VALUES(524,-10,150,119);
INSERT INTO transput VALUES(525,-10,150,58);
INSERT INTO transput VALUES(526,2,151,141);
INSERT INTO transput VALUES(527,-2,151,198);
INSERT INTO transput VALUES(528,-3,151,178);
INSERT INTO transput VALUES(529,-1,151,195);
INSERT INTO transput VALUES(530,2,152,127);
INSERT INTO transput VALUES(531,-1,152,5);
INSERT INTO transput VALUES(532,-1,152,25);
INSERT INTO transput VALUES(533,-2,152,45);
INSERT INTO transput VALUES(534,3,153,174);
INSERT INTO transput VALUES(535,-1,153,123);
INSERT INTO transput VALUES(536,-1,153,129);
INSERT INTO transput VALUES(537,-30,153,46);
INSERT INTO transput VALUES(538,3,154,189);
INSERT INTO transput VALUES(539,-3,154,205);
INSERT INTO transput VALUES(540,-2,154,192);
INSERT INTO transput VALUES(541,-1,154,202);
INSERT INTO transput VALUES(542,2,155,110);
INSERT INTO transput VALUES(543,-80,155,124);
INSERT INTO transput VALUES(544,-2,155,109);
INSERT INTO transput VALUES(545,-40,155,172);
INSERT INTO transput VALUES(546,1,156,150);
INSERT INTO transput VALUES(547,-5,156,55);
INSERT INTO transput VALUES(548,-1,156,149);
INSERT INTO transput VALUES(549,1,157,151);
INSERT INTO transput VALUES(550,-5,157,56);
INSERT INTO transput VALUES(551,-1,157,150);
INSERT INTO transput VALUES(552,1,158,137);
INSERT INTO transput VALUES(553,-1,158,136);
INSERT INTO transput VALUES(554,-10,158,124);
INSERT INTO transput VALUES(555,-10,158,178);
INSERT INTO transput VALUES(556,-80,158,172);
INSERT INTO transput VALUES(557,1,159,178);
INSERT INTO transput VALUES(558,-2,159,167);
INSERT INTO transput VALUES(559,-2,159,187);
INSERT INTO transput VALUES(560,-4,159,10);
INSERT INTO transput VALUES(561,1,160,192);
INSERT INTO transput VALUES(562,-20,160,167);
INSERT INTO transput VALUES(563,-2,160,178);
INSERT INTO transput VALUES(564,-5,160,24);
INSERT INTO transput VALUES(565,1,161,36);
INSERT INTO transput VALUES(566,-1,161,202);
INSERT INTO transput VALUES(567,-2,161,178);
INSERT INTO transput VALUES(568,1,162,37);
INSERT INTO transput VALUES(569,-1,162,202);
INSERT INTO transput VALUES(570,-2,162,167);
INSERT INTO transput VALUES(571,1,163,98);
INSERT INTO transput VALUES(572,-1,163,31);
INSERT INTO transput VALUES(573,-3,163,167);
INSERT INTO transput VALUES(574,-1,163,178);
INSERT INTO transput VALUES(575,1,164,97);
INSERT INTO transput VALUES(576,-1,164,31);
INSERT INTO transput VALUES(577,-3,164,167);
INSERT INTO transput VALUES(578,-1,164,178);
INSERT INTO transput VALUES(579,1,165,99);
INSERT INTO transput VALUES(580,-1,165,31);
INSERT INTO transput VALUES(581,-3,165,167);
INSERT INTO transput VALUES(582,-1,165,178);
INSERT INTO transput VALUES(583,1,166,100);
INSERT INTO transput VALUES(584,-1,166,31);
INSERT INTO transput VALUES(585,-3,166,167);
INSERT INTO transput VALUES(586,-1,166,178);
INSERT INTO transput VALUES(587,1,167,101);
INSERT INTO transput VALUES(588,-1,167,31);
INSERT INTO transput VALUES(589,-3,167,167);
INSERT INTO transput VALUES(590,-1,167,178);
INSERT INTO transput VALUES(591,1,168,177);
INSERT INTO transput VALUES(592,-1000,168,162);
INSERT INTO transput VALUES(593,-1000,168,66);
INSERT INTO transput VALUES(594,-100,168,34);
INSERT INTO transput VALUES(595,-200,168,192);
INSERT INTO transput VALUES(596,-200,168,200);
INSERT INTO transput VALUES(597,1,169,132);
INSERT INTO transput VALUES(598,-45,169,162);
INSERT INTO transput VALUES(599,-45,169,124);
INSERT INTO transput VALUES(600,-45,169,178);
INSERT INTO transput VALUES(601,1,170,17);
INSERT INTO transput VALUES(602,-10,170,162);
INSERT INTO transput VALUES(603,-5,170,178);
INSERT INTO transput VALUES(604,-5,170,119);
INSERT INTO transput VALUES(605,1,171,164);
INSERT INTO transput VALUES(606,-2,171,77);
INSERT INTO transput VALUES(607,-5,171,197);
INSERT INTO transput VALUES(608,1,172,123);
INSERT INTO transput VALUES(609,-10,172,162);
INSERT INTO transput VALUES(610,-5,172,178);
INSERT INTO transput VALUES(611,-10,172,43);
INSERT INTO transput VALUES(612,1,173,8);
INSERT INTO transput VALUES(613,-20,173,167);
INSERT INTO transput VALUES(614,-20,173,178);
INSERT INTO transput VALUES(615,-10,173,162);
INSERT INTO transput VALUES(616,-10,173,10);
INSERT INTO transput VALUES(617,1,174,73);
INSERT INTO transput VALUES(618,-5,174,162);
INSERT INTO transput VALUES(619,-10,174,124);
INSERT INTO transput VALUES(620,-5,174,167);
INSERT INTO transput VALUES(621,-10,174,34);
INSERT INTO transput VALUES(622,1,175,156);
INSERT INTO transput VALUES(623,-15,175,162);
INSERT INTO transput VALUES(624,-10,175,124);
INSERT INTO transput VALUES(625,-10,175,43);
INSERT INTO transput VALUES(626,-10,175,167);
INSERT INTO transput VALUES(627,-10,175,34);
INSERT INTO transput VALUES(628,1,176,200);
INSERT INTO transput VALUES(629,-1,176,198);
INSERT INTO transput VALUES(630,-15,176,172);
INSERT INTO transput VALUES(631,-2,176,167);
INSERT INTO transput VALUES(632,1,177,202);
INSERT INTO transput VALUES(633,-1,177,200);
INSERT INTO transput VALUES(634,-2,177,197);
INSERT INTO transput VALUES(635,-1,177,162);
INSERT INTO transput VALUES(636,-3,177,167);
INSERT INTO transput VALUES(637,2,178,201);
INSERT INTO transput VALUES(638,-1,178,195);
INSERT INTO transput VALUES(639,-1,178,65);
INSERT INTO transput VALUES(640,-10,178,18);
INSERT INTO transput VALUES(641,1,179,197);
INSERT INTO transput VALUES(642,-20,179,24);
INSERT INTO transput VALUES(643,-1,179,77);
INSERT INTO transput VALUES(644,-1,179,119);
INSERT INTO transput VALUES(645,1,180,71);
INSERT INTO transput VALUES(646,-20,180,77);
INSERT INTO transput VALUES(647,-5,180,162);
INSERT INTO transput VALUES(648,1,181,87);
INSERT INTO transput VALUES(649,-1,181,198);
INSERT INTO transput VALUES(650,-1,181,162);
INSERT INTO transput VALUES(651,-1,181,34);
INSERT INTO transput VALUES(652,1,182,165);
INSERT INTO transput VALUES(653,-5,182,162);
INSERT INTO transput VALUES(654,-5,182,124);
INSERT INTO transput VALUES(655,-5,182,167);
INSERT INTO transput VALUES(656,-5,182,34);
INSERT INTO transput VALUES(657,1,183,205);
INSERT INTO transput VALUES(658,-2,183,162);
INSERT INTO transput VALUES(659,-20,183,119);
INSERT INTO transput VALUES(660,-5,183,187);
INSERT INTO transput VALUES(661,1,184,206);
INSERT INTO transput VALUES(662,-10,184,134);
INSERT INTO transput VALUES(663,-10,184,22);
INSERT INTO transput VALUES(664,1,185,204);
INSERT INTO transput VALUES(665,-1,185,192);
INSERT INTO transput VALUES(666,-1,185,40);
INSERT INTO transput VALUES(667,1,186,207);
INSERT INTO transput VALUES(668,-10,186,204);
INSERT INTO transput VALUES(669,-10,186,205);
INSERT INTO transput VALUES(670,-10,186,206);
INSERT INTO transput VALUES(671,1,187,203);
INSERT INTO transput VALUES(672,-100,187,205);
INSERT INTO transput VALUES(673,-100,187,161);
INSERT INTO transput VALUES(674,-100,187,164);
INSERT INTO transput VALUES(675,-5,187,155);
INSERT INTO transput VALUES(676,-100,187,192);
INSERT INTO transput VALUES(677,-50,187,206);
INSERT INTO transput VALUES(678,1,188,11);
INSERT INTO transput VALUES(679,-2,188,77);
INSERT INTO transput VALUES(680,-5,188,167);
INSERT INTO transput VALUES(681,1,189,183);
INSERT INTO transput VALUES(682,-500,189,66);
INSERT INTO transput VALUES(683,-500,189,162);
INSERT INTO transput VALUES(684,-500,189,178);
INSERT INTO transput VALUES(685,-500,189,119);
INSERT INTO transput VALUES(686,1,190,190);
INSERT INTO transput VALUES(687,-100,190,66);
INSERT INTO transput VALUES(688,-50,190,162);
INSERT INTO transput VALUES(689,-100,190,178);
INSERT INTO transput VALUES(690,-100,190,124);
INSERT INTO transput VALUES(691,-10,191,196);
INSERT INTO transput VALUES(692,1,191,209);
INSERT INTO transput VALUES(693,1,191,210);
INSERT INTO transput VALUES(694,-40,192,209);
INSERT INTO transput VALUES(695,-5,192,210);
INSERT INTO transput VALUES(696,41,192,209);
INSERT INTO transput VALUES(697,2,192,210);
INSERT INTO transput VALUES(698,1,193,208);
INSERT INTO transput VALUES(699,-1,193,209);
INSERT INTO transput VALUES(700,-1,193,206);
INSERT INTO transput VALUES(701,-5,194,212);
INSERT INTO transput VALUES(702,3,194,210);
INSERT INTO transput VALUES(703,10,195,211);
INSERT INTO transput VALUES(704,-10,195,77);
INSERT INTO transput VALUES(705,-1,195,209);
INSERT INTO transput VALUES(706,-19,195,210);
INSERT INTO transput VALUES(707,1,196,185);
INSERT INTO transput VALUES(708,-10,196,162);
INSERT INTO transput VALUES(709,-100,196,119);
INSERT INTO transput VALUES(710,-10,196,34);
INSERT INTO transput VALUES(711,1,197,184);
INSERT INTO transput VALUES(712,-10,197,162);
INSERT INTO transput VALUES(713,-20,197,119);
INSERT INTO transput VALUES(714,1,198,186);
INSERT INTO transput VALUES(715,-50,198,124);
INSERT INTO transput VALUES(716,-50,198,119);
INSERT INTO transput VALUES(717,-20,198,34);
INSERT INTO transput VALUES(718,-50,199,18);
INSERT INTO transput VALUES(719,-1,199,144);
INSERT INTO transput VALUES(720,1,199,111);
INSERT INTO transput VALUES(721,-1,200,111);
INSERT INTO transput VALUES(722,50,200,18);
INSERT INTO transput VALUES(723,1,200,144);
INSERT INTO transput VALUES(724,-50,201,24);
INSERT INTO transput VALUES(725,-1,201,144);
INSERT INTO transput VALUES(726,1,201,102);
INSERT INTO transput VALUES(727,-1,202,102);
INSERT INTO transput VALUES(728,50,202,24);
INSERT INTO transput VALUES(729,1,202,144);
INSERT INTO transput VALUES(730,-50,203,19);
INSERT INTO transput VALUES(731,-1,203,144);
INSERT INTO transput VALUES(732,1,203,70);
INSERT INTO transput VALUES(733,-1,204,70);
INSERT INTO transput VALUES(734,50,204,19);
INSERT INTO transput VALUES(735,1,204,144);
INSERT INTO transput VALUES(736,-50,205,21);
INSERT INTO transput VALUES(737,-1,205,144);
INSERT INTO transput VALUES(738,1,205,75);
INSERT INTO transput VALUES(739,-1,206,75);
INSERT INTO transput VALUES(740,50,206,21);
INSERT INTO transput VALUES(741,1,206,144);
INSERT INTO transput VALUES(742,-50,207,22);
INSERT INTO transput VALUES(743,-1,207,144);
INSERT INTO transput VALUES(744,1,207,79);
INSERT INTO transput VALUES(745,-1,208,79);
INSERT INTO transput VALUES(746,50,208,22);
INSERT INTO transput VALUES(747,1,208,144);
INSERT INTO transput VALUES(748,-50,209,23);
INSERT INTO transput VALUES(749,-1,209,144);
INSERT INTO transput VALUES(750,1,209,86);
INSERT INTO transput VALUES(751,-1,210,86);
INSERT INTO transput VALUES(752,50,210,23);
INSERT INTO transput VALUES(753,1,210,144);
INSERT INTO transput VALUES(754,-50,211,172);
INSERT INTO transput VALUES(755,-1,211,144);
INSERT INTO transput VALUES(756,1,211,81);
INSERT INTO transput VALUES(757,-1,212,81);
INSERT INTO transput VALUES(758,50,212,172);
INSERT INTO transput VALUES(759,1,212,144);
INSERT INTO transput VALUES(760,1,213,18);
INSERT INTO transput VALUES(761,1,214,19);
INSERT INTO transput VALUES(762,1,215,58);
INSERT INTO transput VALUES(763,1,216,65);
INSERT INTO transput VALUES(764,1,217,163);
INSERT INTO transput VALUES(765,1,218,171);
INSERT INTO transput VALUES(766,1,219,179);
INSERT INTO transput VALUES(767,1,220,196);
CREATE TABLE machine (
	id INTEGER PRIMARY KEY,
	name TEXT NOT NULL UNIQUE,
	full_power_draw INTEGER NOT NULL CHECK(full_power_draw >= 0), -- in kW
	-- is it sensible to have drain here when it only applies to electric energy source?
	drain REAL NOT NULL,
	crafting_speed REAL NOT NULL CHECK(crafting_speed >= 0),
	pollution REAL NOT NULL -- per second
) STRICT;
INSERT INTO machine VALUES(1,'offshore-pump',0,0.0,1200.0,0.0);
INSERT INTO machine VALUES(2,'stone-furnace',90,0.0,1.0,0.03333333333333333287);
INSERT INTO machine VALUES(3,'electric-furnace',180,6.0,2.0,0.016666666666666666435);
INSERT INTO machine VALUES(4,'steel-furnace',90,0.0,2.0,0.066666666666666665741);
INSERT INTO machine VALUES(5,'assembling-machine-1',75,2.5,0.5,0.066666666666666665741);
INSERT INTO machine VALUES(6,'assembling-machine-2',150,5.0,0.75,0.050000000000000002775);
INSERT INTO machine VALUES(7,'assembling-machine-3',375,12.5,1.25,0.03333333333333333287);
INSERT INTO machine VALUES(8,'oil-refinery',420,14.0,1.0,0.10000000000000000555);
INSERT INTO machine VALUES(9,'chemical-plant',210,7.0,1.0,0.066666666666666665741);
INSERT INTO machine VALUES(10,'centrifuge',350,11.666666666666666074,1.0,0.066666666666666665741);
INSERT INTO machine VALUES(11,'electric-mining-drill',90,0.0,0.5,0.16666666666666665741);
INSERT INTO machine VALUES(12,'burner-mining-drill',150,0.0,0.25,0.2000000000000000111);
INSERT INTO machine VALUES(13,'pumpjack',90,0.0,1.0,0.16666666666666665741);
INSERT INTO machine VALUES(14,'rocket-silo',250,0.0,1.0,0.0);
INSERT INTO machine VALUES(15,'manual',0,0.0,1.0,0.0);
CREATE TABLE machine_for_recipe_category (
	id INTEGER PRIMARY KEY,
	machine_id INTEGER NOT NULL REFERENCES machine (id),
	recipe_category_id INTEGER NOT NULL REFERENCES recipe_category (id)
) STRICT;
INSERT INTO machine_for_recipe_category VALUES(1,1,9);
INSERT INTO machine_for_recipe_category VALUES(2,2,2);
INSERT INTO machine_for_recipe_category VALUES(3,3,2);
INSERT INTO machine_for_recipe_category VALUES(4,4,2);
INSERT INTO machine_for_recipe_category VALUES(5,5,1);
INSERT INTO machine_for_recipe_category VALUES(6,6,1);
INSERT INTO machine_for_recipe_category VALUES(7,6,4);
INSERT INTO machine_for_recipe_category VALUES(8,7,1);
INSERT INTO machine_for_recipe_category VALUES(9,7,4);
INSERT INTO machine_for_recipe_category VALUES(10,8,5);
INSERT INTO machine_for_recipe_category VALUES(11,9,3);
INSERT INTO machine_for_recipe_category VALUES(12,10,7);
INSERT INTO machine_for_recipe_category VALUES(13,11,8);
INSERT INTO machine_for_recipe_category VALUES(14,12,8);
INSERT INTO machine_for_recipe_category VALUES(15,13,10);
INSERT INTO machine_for_recipe_category VALUES(16,14,6);
INSERT INTO machine_for_recipe_category VALUES(17,15,11);
CREATE TABLE active (
	id INTEGER PRIMARY KEY REFERENCES machine_for_recipe_category (id)
) STRICT;
INSERT INTO active VALUES(1);
INSERT INTO active VALUES(3);
INSERT INTO active VALUES(5);
INSERT INTO active VALUES(7);
INSERT INTO active VALUES(10);
INSERT INTO active VALUES(11);
INSERT INTO active VALUES(12);
INSERT INTO active VALUES(13);
INSERT INTO active VALUES(15);
INSERT INTO active VALUES(16);
INSERT INTO active VALUES(17);
COMMIT;
